{"Pashto": [32.4642422895257, 68.3275074219367], "Alb": [42.2265854672629, 20.8761781434291], "Arm": [40.0723733405928, 45.305168062311], "ClG": [37.9724605624413, 23.7495907945741], "Bengali": [23.4537729409676, 89.9336333317797], "Bre": [48.3080773846578, -4.03400156622516], "Blg": [42.9902253468905, 23.2769954250417], "BelR": [53.3986072792712, 28.4809632063919], "Cat": [41.75, 2.0], "Cze": [49.7852348957672, 15.4915899544974], "Da": [55.8494836237628, 9.8066851638111], "Dut": [51.7629408602076, 5.23107930242214], "E": [54.4879166094099, -3.5209377168078], "Far": [62.0426917877632, -6.83240407959032], "Fr": [47.1074154598239, 1.11449788231361], "Ger": [50.2613386999753, 11.1383979707624], "Got": [53.9886795942125, 16.5001262863809], "Grk": [39.6965740080697, 22.4244833145042], "Guj": [21.6757849717439, 71.837266176159], "Hin": [25.9196611535088, 79.5549765906433], "Ice": [65.1921619246137, -19.8554940975495], "Ir": [53.4532551964426, -8.19735624567699], "It": [41.9972471395463, 14.0357282757183], "Kashm": [34.1156788411215, 74.8373988785047], "Lat": [42.0664213170021, 12.3966635937599], "Latv": [56.8718099744214, 25.0341541608855], "Lith": [55.2173662032521, 23.8645842057536], "Mac": [41.8685345277435, 21.7308628277435], "Mar": [19.0076071776128, 75.4682634517418], "Nepali": [28.9661199765101, 81.7191401912752], "OCS": [41.0483881792338, 23.5698633759189], "OE": [51.071658942709, -1.78055413744826], "Farsi": [32.5892853680905, 56.497464338956], "Po": [51.5090908904423, 19.2212679089872], "Ptg-E": [39.5937373891324, -8.06735775679228], "Rm": [46.2282614049859, 25.556100646872], "Rus": [56.0, 38.0], "ScGae": [57.1495963989066, -5.77410260889693], "SC": [43.6695141808383, 20.6942472711936], "Slvk": [48.9377120833334, 19.8098520947368], "Slo": [46.0272344938271, 14.9180192204586], "Sp": [41.1694070669931, -4.44456782718208], "Swe": [60.0, 15.0], "Ukr": [48.0557674197214, 31.3759894414153], "Sanskr": [30.4044570967343, 75.2925736923182], "Wel": [51.75, -4.25]}